dataset,file_directory,file_name,key,duration
giantsteps,audio,5061.mp3,D#:minor,120.0
giantsteps,audio,5881.mp3,A:major,120.0
giantsteps,audio,7217.mp3,F:minor,120.0
giantsteps,audio,10359.mp3,D:minor,120.0
giantsteps,audio,11077.mp3,G:minor,120.0
giantsteps,audio,11194.mp3,D:minor,120.0
giantsteps,audio,14344.mp3,D:minor,120.0
giantsteps,audio,14720.mp3,D:minor,120.0
giantsteps,audio,16484.mp3,A:minor,120.0
giantsteps,audio,17025.mp3,D#:minor,120.0
giantsteps,audio,18975.mp3,C:minor,120.0
giantsteps,audio,19613.mp3,D:minor,120.0
giantsteps,audio,19805.mp3,A:minor,120.0
giantsteps,audio,19936.mp3,A:minor,120.0
giantsteps,audio,23309.mp3,B:minor,120.0
giantsteps,audio,25185.mp3,F:minor,120.0
giantsteps,audio,25702.mp3,C#:minor,120.0
giantsteps,audio,25703.mp3,C#:minor,120.0
giantsteps,audio,26737.mp3,C:minor,120.0
giantsteps,audio,29912.mp3,D#:minor,120.0
giantsteps,audio,30278.mp3,D:major,120.0
giantsteps,audio,32715.mp3,B:minor,120.0
giantsteps,audio,33583.mp3,E:minor,120.0
giantsteps,audio,33846.mp3,C:minor,120.0
giantsteps,audio,33961.mp3,G:minor,120.0
giantsteps,audio,35645.mp3,F:minor,120.0
giantsteps,audio,37745.mp3,E:minor,120.0
giantsteps,audio,37779.mp3,A#:major,120.0
giantsteps,audio,40030.mp3,E:minor,120.0
giantsteps,audio,40643.mp3,A:minor,120.0
giantsteps,audio,40875.mp3,G#:minor,120.0
giantsteps,audio,41267.mp3,C#:minor,120.0
giantsteps,audio,41907.mp3,C:minor,120.0
giantsteps,audio,45212.mp3,B:minor,120.0
giantsteps,audio,49242.mp3,F:minor,120.0
giantsteps,audio,49721.mp3,C:major,120.0
giantsteps,audio,50823.mp3,B:minor,120.0
giantsteps,audio,51220.mp3,D#:minor,120.0
giantsteps,audio,51936.mp3,C:minor,120.0
giantsteps,audio,54925.mp3,C:minor,120.0
giantsteps,audio,55659.mp3,C:minor,120.0
giantsteps,audio,58167.mp3,D#:minor,120.0
giantsteps,audio,58226.mp3,C#:major,120.0
giantsteps,audio,58581.mp3,C#:major,120.0
giantsteps,audio,60661.mp3,C#:major,120.0
giantsteps,audio,61846.mp3,D#:minor,120.0
giantsteps,audio,63014.mp3,G#:major,120.0
giantsteps,audio,63618.mp3,G#:major,120.0
giantsteps,audio,65778.mp3,F:minor,120.0
giantsteps,audio,66070.mp3,D:minor,120.0
giantsteps,audio,68370.mp3,D:minor,120.0
giantsteps,audio,69040.mp3,C#:minor,120.0
giantsteps,audio,74680.mp3,A:minor,120.0
giantsteps,audio,76914.mp3,G:minor,120.0
giantsteps,audio,77806.mp3,F:minor,120.0
giantsteps,audio,84098.mp3,C:minor,120.0
giantsteps,audio,84522.mp3,F:minor,120.0
giantsteps,audio,90839.mp3,D:minor,120.0
giantsteps,audio,95799.mp3,C#:minor,120.0
giantsteps,audio,99805.mp3,G#:minor,120.0
giantsteps,audio,99806.mp3,G#:minor,120.0
giantsteps,audio,100066.mp3,D:minor,120.0
giantsteps,audio,103857.mp3,E:major,120.0
giantsteps,audio,110504.mp3,D#:minor,120.0
giantsteps,audio,119467.mp3,D#:minor,120.0
giantsteps,audio,125918.mp3,G:major,120.0
giantsteps,audio,131427.mp3,A:minor,120.0
giantsteps,audio,132143.mp3,C#:minor,120.0
giantsteps,audio,134948.mp3,C:minor,120.0
giantsteps,audio,135302.mp3,C:minor,120.0
giantsteps,audio,139755.mp3,G:major,120.0
giantsteps,audio,144851.mp3,B:major,120.0
giantsteps,audio,150864.mp3,F:minor,120.0
giantsteps,audio,155879.mp3,D:minor,120.0
giantsteps,audio,159301.mp3,B:minor,120.0
giantsteps,audio,167955.mp3,E:major,120.0
giantsteps,audio,168304.mp3,F:minor,120.0
giantsteps,audio,168450.mp3,F#:minor,120.0
giantsteps,audio,174074.mp3,C#:major,120.0
giantsteps,audio,175197.mp3,E:major,120.0
giantsteps,audio,178137.mp3,E:minor,120.0
giantsteps,audio,1389267.mp3,E:major,120.0
giantsteps,audio,180831.mp3,E:major,120.0
giantsteps,audio,181659.mp3,F#:major,120.0
giantsteps,audio,188000.mp3,E:minor,120.0
giantsteps,audio,188616.mp3,C:minor,120.0
giantsteps,audio,189045.mp3,G:major,120.0
giantsteps,audio,189424.mp3,D:major,120.0
giantsteps,audio,190162.mp3,D:major,120.0
giantsteps,audio,190288.mp3,A#:minor,120.0
giantsteps,audio,193072.mp3,C:minor,120.0
giantsteps,audio,196477.mp3,C#:minor,120.0
giantsteps,audio,197434.mp3,D:major,120.0
giantsteps,audio,200573.mp3,C#:minor,120.0
giantsteps,audio,200766.mp3,D:minor,120.0
giantsteps,audio,203541.mp3,C#:major,120.0
giantsteps,audio,206180.mp3,G:minor,120.0
giantsteps,audio,206648.mp3,A:major,120.0
giantsteps,audio,209357.mp3,F#:minor,120.0
giantsteps,audio,209475.mp3,D:minor,120.0
giantsteps,audio,217855.mp3,D:minor,120.0
giantsteps,audio,218890.mp3,D:major,120.0
giantsteps,audio,218955.mp3,D:major,120.0
giantsteps,audio,219078.mp3,D:major,120.0
giantsteps,audio,221206.mp3,G:major,120.0
giantsteps,audio,224078.mp3,C:minor,120.0
giantsteps,audio,224256.mp3,G#:major,120.0
giantsteps,audio,225388.mp3,G:major,120.0
giantsteps,audio,226990.mp3,D:major,120.0
giantsteps,audio,239698.mp3,B:minor,120.0
giantsteps,audio,239972.mp3,A#:major,120.0
giantsteps,audio,245736.mp3,D:major,120.0
giantsteps,audio,246613.mp3,E:major,120.0
giantsteps,audio,251655.mp3,G:minor,120.0
giantsteps,audio,255261.mp3,E:minor,120.0
giantsteps,audio,255895.mp3,D#:minor,120.0
giantsteps,audio,257025.mp3,E:minor,120.0
giantsteps,audio,269382.mp3,F#:minor,120.0
giantsteps,audio,273439.mp3,F:minor,120.0
giantsteps,audio,273553.mp3,F:minor,120.0
giantsteps,audio,277229.mp3,A#:minor,120.0
giantsteps,audio,277874.mp3,C:major,120.0
giantsteps,audio,282105.mp3,G:minor,120.0
giantsteps,audio,283467.mp3,A:minor,120.0
giantsteps,audio,287952.mp3,A:minor,120.0
giantsteps,audio,289631.mp3,G:major,120.0
giantsteps,audio,290580.mp3,A#:minor,120.0
giantsteps,audio,291094.mp3,D:major,120.0
giantsteps,audio,292281.mp3,C#:minor,120.0
giantsteps,audio,292564.mp3,D:major,120.0
giantsteps,audio,292730.mp3,B:minor,120.0
giantsteps,audio,293203.mp3,D:major,120.0
giantsteps,audio,297002.mp3,F:minor,120.0
giantsteps,audio,297010.mp3,C:minor,120.0
giantsteps,audio,4265141.mp3,B:minor,120.0
giantsteps,audio,297012.mp3,A#:minor,120.0
giantsteps,audio,297013.mp3,G:minor,120.0
giantsteps,audio,297025.mp3,D:minor,120.0
giantsteps,audio,297030.mp3,B:minor,120.0
giantsteps,audio,297057.mp3,C#:minor,120.0
giantsteps,audio,297067.mp3,E:minor,120.0
giantsteps,audio,297113.mp3,F:major,120.0
giantsteps,audio,297114.mp3,F:minor,120.0
giantsteps,audio,297116.mp3,F:minor,120.0
giantsteps,audio,297125.mp3,G:minor,120.0
giantsteps,audio,297129.mp3,D:major,120.0
giantsteps,audio,297131.mp3,B:major,120.0
giantsteps,audio,297161.mp3,G:minor,120.0
giantsteps,audio,297162.mp3,A:minor,120.0
giantsteps,audio,297188.mp3,B:minor,120.0
giantsteps,audio,297191.mp3,D#:minor,120.0
giantsteps,audio,297193.mp3,A:minor,120.0
giantsteps,audio,297204.mp3,A:minor,120.0
giantsteps,audio,297206.mp3,F:minor,120.0
giantsteps,audio,297218.mp3,F#:minor,120.0
giantsteps,audio,297253.mp3,A:major,120.0
giantsteps,audio,297261.mp3,D:minor,120.0
giantsteps,audio,297264.mp3,D:minor,120.0
giantsteps,audio,297266.mp3,F:minor,120.0
giantsteps,audio,297268.mp3,G:minor,120.0
giantsteps,audio,297269.mp3,F:minor,120.0
giantsteps,audio,4328336.mp3,A#:minor,120.0
giantsteps,audio,297272.mp3,B:minor,120.0
giantsteps,audio,297273.mp3,G:minor,120.0
giantsteps,audio,297278.mp3,C:minor,120.0
giantsteps,audio,297281.mp3,F#:minor,120.0
giantsteps,audio,297286.mp3,G:minor,120.0
giantsteps,audio,297287.mp3,G:minor,120.0
giantsteps,audio,297319.mp3,B:minor,120.0
giantsteps,audio,297320.mp3,C#:minor,120.0
giantsteps,audio,297334.mp3,F#:major,120.0
giantsteps,audio,297335.mp3,F#:major,120.0
giantsteps,audio,297336.mp3,F#:major,120.0
giantsteps,audio,297346.mp3,G:major,120.0
giantsteps,audio,297347.mp3,G:major,120.0
giantsteps,audio,297349.mp3,E:minor,120.0
giantsteps,audio,297355.mp3,B:minor,120.0
giantsteps,audio,297356.mp3,F:major,120.0
giantsteps,audio,297360.mp3,F:minor,120.0
giantsteps,audio,297379.mp3,A#:minor,120.0
giantsteps,audio,297409.mp3,G:minor,120.0
giantsteps,audio,297410.mp3,G:major,120.0
giantsteps,audio,297411.mp3,F#:minor,120.0
giantsteps,audio,297415.mp3,C:major,120.0
giantsteps,audio,297417.mp3,E:minor,120.0
giantsteps,audio,297418.mp3,C:major,120.0
giantsteps,audio,297422.mp3,F:major,120.0
giantsteps,audio,297424.mp3,C:major,120.0
giantsteps,audio,297473.mp3,G#:minor,120.0
giantsteps,audio,297474.mp3,B:major,120.0
giantsteps,audio,297485.mp3,C:minor,120.0
giantsteps,audio,297488.mp3,F:major,120.0
giantsteps,audio,297491.mp3,F:minor,120.0
giantsteps,audio,297494.mp3,E:minor,120.0
giantsteps,audio,297501.mp3,F:minor,120.0
giantsteps,audio,297506.mp3,B:minor,120.0
giantsteps,audio,297517.mp3,D#:minor,120.0
giantsteps,audio,297521.mp3,F:minor,120.0
giantsteps,audio,4572120.mp3,B:major,120.0
giantsteps,audio,297535.mp3,D#:minor,120.0
giantsteps,audio,297536.mp3,C:minor,120.0
giantsteps,audio,297538.mp3,C:minor,120.0
giantsteps,audio,297542.mp3,F:minor,120.0
giantsteps,audio,297579.mp3,A:minor,120.0
giantsteps,audio,297580.mp3,D:minor,120.0
giantsteps,audio,297598.mp3,G#:minor,120.0
giantsteps,audio,297600.mp3,E:minor,120.0
giantsteps,audio,297604.mp3,G:minor,120.0
giantsteps,audio,297608.mp3,A:major,120.0
giantsteps,audio,297615.mp3,A:minor,120.0
giantsteps,audio,297616.mp3,A:minor,120.0
giantsteps,audio,297617.mp3,A:minor,120.0
giantsteps,audio,297627.mp3,F:minor,120.0
giantsteps,audio,297641.mp3,D:minor,120.0
giantsteps,audio,297652.mp3,E:minor,120.0
giantsteps,audio,297654.mp3,E:minor,120.0
giantsteps,audio,297656.mp3,E:minor,120.0
giantsteps,audio,297657.mp3,F:major,120.0
giantsteps,audio,297658.mp3,F:major,120.0
giantsteps,audio,297659.mp3,F:minor,120.0
giantsteps,audio,297660.mp3,C:minor,120.0
giantsteps,audio,297692.mp3,C#:minor,120.0
giantsteps,audio,297695.mp3,C#:minor,120.0
giantsteps,audio,297696.mp3,A:minor,120.0
giantsteps,audio,297697.mp3,F#:minor,120.0
giantsteps,audio,297698.mp3,F:minor,120.0
giantsteps,audio,297699.mp3,F:minor,120.0
giantsteps,audio,297704.mp3,F:minor,120.0
giantsteps,audio,297705.mp3,A#:minor,120.0
giantsteps,audio,297717.mp3,C:minor,120.0
giantsteps,audio,297718.mp3,C:minor,120.0
giantsteps,audio,297721.mp3,G:minor,120.0
giantsteps,audio,178770.mp3,E:minor,120.0
giantsteps,audio,297735.mp3,E:minor,120.0
giantsteps,audio,297756.mp3,G#:minor,120.0
giantsteps,audio,297757.mp3,G#:minor,120.0
giantsteps,audio,297767.mp3,F:minor,120.0
giantsteps,audio,297768.mp3,F:minor,120.0
giantsteps,audio,297769.mp3,D:minor,120.0
giantsteps,audio,297804.mp3,E:minor,120.0
giantsteps,audio,297806.mp3,A#:major,120.0
giantsteps,audio,297807.mp3,F:minor,120.0
giantsteps,audio,297811.mp3,E:minor,120.0
giantsteps,audio,297816.mp3,A:minor,120.0
giantsteps,audio,297818.mp3,G#:major,120.0
giantsteps,audio,297849.mp3,G:minor,120.0
giantsteps,audio,297853.mp3,C#:minor,120.0
giantsteps,audio,297879.mp3,D#:minor,120.0
giantsteps,audio,297882.mp3,D#:minor,120.0
giantsteps,audio,297886.mp3,F:major,120.0
giantsteps,audio,297895.mp3,C:minor,120.0
giantsteps,audio,297967.mp3,G:minor,120.0
giantsteps,audio,297969.mp3,C:minor,120.0
giantsteps,audio,297993.mp3,A:minor,120.0
giantsteps,audio,297994.mp3,F#:minor,120.0
giantsteps,audio,297995.mp3,A#:minor,120.0
giantsteps,audio,297996.mp3,F#:minor,120.0
giantsteps,audio,298006.mp3,C:minor,120.0
giantsteps,audio,298011.mp3,G#:major,120.0
giantsteps,audio,298020.mp3,F:major,120.0
giantsteps,audio,298029.mp3,F:minor,120.0
giantsteps,audio,298042.mp3,C:major,120.0
giantsteps,audio,298054.mp3,B:minor,120.0
giantsteps,audio,298055.mp3,A:major,120.0
giantsteps,audio,298058.mp3,A:minor,120.0
giantsteps,audio,298061.mp3,A:major,120.0
giantsteps,audio,298076.mp3,F#:minor,120.0
giantsteps,audio,298078.mp3,G#:minor,120.0
giantsteps,audio,298080.mp3,D#:major,120.0
giantsteps,audio,298082.mp3,F:major,120.0
giantsteps,audio,298084.mp3,G#:minor,120.0
giantsteps,audio,298104.mp3,C:minor,120.0
giantsteps,audio,298110.mp3,C#:minor,120.0
giantsteps,audio,298111.mp3,B:minor,120.0
giantsteps,audio,298129.mp3,C#:minor,120.0
giantsteps,audio,298134.mp3,A:major,120.0
giantsteps,audio,298169.mp3,F:minor,120.0
giantsteps,audio,298170.mp3,C:minor,120.0
giantsteps,audio,298172.mp3,D:minor,120.0
giantsteps,audio,298173.mp3,C:minor,120.0
giantsteps,audio,298193.mp3,G:minor,120.0
giantsteps,audio,298211.mp3,A#:minor,120.0
giantsteps,audio,298215.mp3,A:major,120.0
giantsteps,audio,298216.mp3,F:major,120.0
giantsteps,audio,298226.mp3,F:minor,120.0
giantsteps,audio,298236.mp3,E:minor,120.0
giantsteps,audio,298319.mp3,A#:major,120.0
giantsteps,audio,298320.mp3,A:minor,120.0
giantsteps,audio,298327.mp3,D:minor,120.0
giantsteps,audio,298332.mp3,D:minor,120.0
giantsteps,audio,298334.mp3,F:minor,120.0
giantsteps,audio,298398.mp3,F#:major,120.0
giantsteps,audio,298399.mp3,F:minor,120.0
giantsteps,audio,298429.mp3,F:minor,120.0
giantsteps,audio,298430.mp3,F:minor,120.0
giantsteps,audio,298431.mp3,C:minor,120.0
giantsteps,audio,298474.mp3,G:minor,120.0
giantsteps,audio,298525.mp3,C:minor,120.0
giantsteps,audio,298530.mp3,A:minor,120.0
giantsteps,audio,298532.mp3,C:minor,120.0
giantsteps,audio,298535.mp3,F:minor,120.0
giantsteps,audio,298536.mp3,B:minor,120.0
giantsteps,audio,298763.mp3,A:minor,120.0
giantsteps,audio,298764.mp3,A:minor,120.0
giantsteps,audio,298791.mp3,D:minor,120.0
giantsteps,audio,298805.mp3,F:minor,120.0
giantsteps,audio,298813.mp3,D:minor,120.0
giantsteps,audio,298817.mp3,C:minor,120.0
giantsteps,audio,298824.mp3,F:minor,120.0
giantsteps,audio,298846.mp3,F:minor,120.0
giantsteps,audio,298850.mp3,F:minor,120.0
giantsteps,audio,298857.mp3,D#:minor,120.0
giantsteps,audio,298860.mp3,G:minor,120.0
giantsteps,audio,298865.mp3,F:minor,120.0
giantsteps,audio,298866.mp3,F:major,120.0
giantsteps,audio,298880.mp3,D#:minor,120.0
giantsteps,audio,298914.mp3,D:major,120.0
giantsteps,audio,298915.mp3,D:major,120.0
giantsteps,audio,298938.mp3,A:minor,120.0
giantsteps,audio,298940.mp3,G#:minor,120.0
giantsteps,audio,298944.mp3,G#:major,120.0
giantsteps,audio,298951.mp3,C:minor,120.0
giantsteps,audio,298984.mp3,D#:major,120.0
giantsteps,audio,298985.mp3,D#:major,120.0
giantsteps,audio,298986.mp3,D#:major,120.0
giantsteps,audio,298987.mp3,D#:major,120.0
giantsteps,audio,298992.mp3,G:major,120.0
giantsteps,audio,298998.mp3,D#:minor,120.0
giantsteps,audio,299003.mp3,A:minor,120.0
giantsteps,audio,299008.mp3,B:major,120.0
giantsteps,audio,299025.mp3,A:minor,120.0
giantsteps,audio,299031.mp3,G:major,120.0
giantsteps,audio,299032.mp3,G:major,120.0
giantsteps,audio,299040.mp3,A:minor,120.0
giantsteps,audio,299041.mp3,F:minor,120.0
giantsteps,audio,299059.mp3,G:minor,120.0
giantsteps,audio,299063.mp3,A:major,120.0
giantsteps,audio,299064.mp3,E:minor,120.0
giantsteps,audio,299071.mp3,A:major,120.0
giantsteps,audio,299073.mp3,E:major,120.0
giantsteps,audio,299075.mp3,C#:minor,120.0
giantsteps,audio,299114.mp3,G#:major,120.0
giantsteps,audio,299157.mp3,F:minor,120.0
giantsteps,audio,299159.mp3,A:minor,120.0
giantsteps,audio,299160.mp3,A:minor,120.0
giantsteps,audio,299191.mp3,A:minor,120.0
giantsteps,audio,299298.mp3,D:minor,120.0
giantsteps,audio,299306.mp3,F:major,120.0
giantsteps,audio,299310.mp3,C:minor,120.0
giantsteps,audio,299311.mp3,C:minor,120.0
giantsteps,audio,299355.mp3,G:major,120.0
giantsteps,audio,299365.mp3,F:major,120.0
giantsteps,audio,299396.mp3,B:minor,120.0
giantsteps,audio,299401.mp3,B:major,120.0
giantsteps,audio,299450.mp3,A#:major,120.0
giantsteps,audio,299452.mp3,F:minor,120.0
giantsteps,audio,299453.mp3,F:minor,120.0
giantsteps,audio,299454.mp3,C:minor,120.0
giantsteps,audio,299455.mp3,C:minor,120.0
giantsteps,audio,299456.mp3,C:minor,120.0
giantsteps,audio,299457.mp3,F:minor,120.0
giantsteps,audio,299459.mp3,F:minor,120.0
giantsteps,audio,299462.mp3,E:minor,120.0
giantsteps,audio,299464.mp3,B:major,120.0
giantsteps,audio,299465.mp3,E:major,120.0
giantsteps,audio,299466.mp3,F:major,120.0
giantsteps,audio,299467.mp3,G:major,120.0
giantsteps,audio,299468.mp3,A:major,120.0
giantsteps,audio,299470.mp3,G:major,120.0
giantsteps,audio,299471.mp3,F:major,120.0
giantsteps,audio,299472.mp3,G:major,120.0
giantsteps,audio,299473.mp3,F:major,120.0
giantsteps,audio,299474.mp3,G:major,120.0
giantsteps,audio,299475.mp3,F:major,120.0
giantsteps,audio,299482.mp3,A:major,120.0
giantsteps,audio,299483.mp3,G:major,120.0
giantsteps,audio,299486.mp3,E:major,120.0
giantsteps,audio,299488.mp3,E:minor,120.0
giantsteps,audio,299489.mp3,D:major,120.0
giantsteps,audio,299490.mp3,F#:major,120.0
giantsteps,audio,299493.mp3,A:major,120.0
giantsteps,audio,3988819.mp3,D#:minor,120.0
giantsteps,audio,299497.mp3,A:minor,120.0
giantsteps,audio,299503.mp3,C:major,120.0
giantsteps,audio,299507.mp3,F:minor,120.0
giantsteps,audio,299511.mp3,D:major,120.0
giantsteps,audio,299513.mp3,C#:major,120.0
giantsteps,audio,299546.mp3,F:minor,120.0
giantsteps,audio,299547.mp3,F#:minor,120.0
giantsteps,audio,299624.mp3,E:minor,120.0
giantsteps,audio,299625.mp3,C:major,120.0
giantsteps,audio,299657.mp3,C:minor,120.0
giantsteps,audio,299665.mp3,G#:major,120.0
giantsteps,audio,299667.mp3,A:major,120.0
giantsteps,audio,299668.mp3,A:minor,120.0
giantsteps,audio,299669.mp3,C:minor,120.0
giantsteps,audio,299679.mp3,F:major,120.0
giantsteps,audio,299681.mp3,C:minor,120.0
giantsteps,audio,299690.mp3,D:minor,120.0
giantsteps,audio,299701.mp3,A#:minor,120.0
giantsteps,audio,299725.mp3,A#:minor,120.0
giantsteps,audio,299729.mp3,C:minor,120.0
giantsteps,audio,299739.mp3,F:minor,120.0
giantsteps,audio,299754.mp3,G:minor,120.0
giantsteps,audio,299764.mp3,G:major,120.0
giantsteps,audio,299767.mp3,C:minor,120.0
giantsteps,audio,299769.mp3,F:minor,120.0
giantsteps,audio,299772.mp3,C:minor,120.0
giantsteps,audio,299773.mp3,F:minor,120.0
giantsteps,audio,299782.mp3,C#:minor,120.0
giantsteps,audio,299786.mp3,F:minor,120.0
giantsteps,audio,299789.mp3,G#:major,120.0
giantsteps,audio,299792.mp3,A#:minor,120.0
giantsteps,audio,299800.mp3,C:major,120.0
giantsteps,audio,299801.mp3,A:minor,120.0
giantsteps,audio,299807.mp3,D#:major,120.0
giantsteps,audio,299808.mp3,D#:major,120.0
giantsteps,audio,299809.mp3,C:minor,120.0
giantsteps,audio,299810.mp3,C:minor,120.0
giantsteps,audio,299811.mp3,D#:major,120.0
giantsteps,audio,299812.mp3,E:major,120.0
giantsteps,audio,299817.mp3,F:minor,120.0
giantsteps,audio,299832.mp3,C#:major,120.0
giantsteps,audio,299834.mp3,C#:major,120.0
giantsteps,audio,299835.mp3,C#:major,120.0
giantsteps,audio,299836.mp3,C#:major,120.0
giantsteps,audio,299847.mp3,D:minor,120.0
giantsteps,audio,299849.mp3,A:minor,120.0
giantsteps,audio,299862.mp3,B:major,120.0
giantsteps,audio,6103149.mp3,C#:major,120.0
giantsteps,audio,299869.mp3,A:major,120.0
giantsteps,audio,299870.mp3,D:major,120.0
giantsteps,audio,299887.mp3,F:minor,120.0
giantsteps,audio,299904.mp3,C:major,120.0
giantsteps,audio,299932.mp3,F:major,120.0
giantsteps,audio,299933.mp3,C:minor,120.0
giantsteps,audio,299943.mp3,D#:minor,120.0
giantsteps,audio,299945.mp3,B:minor,120.0
giantsteps,audio,299968.mp3,B:minor,120.0
giantsteps,audio,3198699.mp3,C:minor,120.0
giantsteps,audio,299976.mp3,A:minor,120.0
giantsteps,audio,299977.mp3,F#:minor,120.0
giantsteps,audio,299978.mp3,F:minor,120.0
giantsteps,audio,299994.mp3,D#:minor,120.0
giantsteps,audio,299995.mp3,A:major,120.0
giantsteps,audio,307186.mp3,E:minor,120.0
giantsteps,audio,307425.mp3,C:minor,120.0
giantsteps,audio,312995.mp3,G#:minor,120.0
giantsteps,audio,315480.mp3,B:minor,120.0
giantsteps,audio,316031.mp3,C#:minor,120.0
giantsteps,audio,326117.mp3,F#:minor,120.0
giantsteps,audio,328299.mp3,C:major,120.0
giantsteps,audio,330141.mp3,G#:minor,120.0
giantsteps,audio,331595.mp3,C:major,120.0
giantsteps,audio,333831.mp3,F#:minor,120.0
giantsteps,audio,349463.mp3,D:major,120.0
giantsteps,audio,350773.mp3,F:major,120.0
giantsteps,audio,356905.mp3,G:minor,120.0
giantsteps,audio,358893.mp3,C:minor,120.0
giantsteps,audio,367369.mp3,G:major,120.0
giantsteps,audio,371036.mp3,G#:minor,120.0
giantsteps,audio,373434.mp3,D:minor,120.0
giantsteps,audio,384265.mp3,E:minor,120.0
giantsteps,audio,384364.mp3,F:minor,120.0
giantsteps,audio,385707.mp3,D:minor,120.0
giantsteps,audio,386088.mp3,G:minor,120.0
giantsteps,audio,388664.mp3,A:minor,120.0
giantsteps,audio,392321.mp3,F#:minor,120.0
giantsteps,audio,396112.mp3,E:major,120.0
giantsteps,audio,400929.mp3,A#:major,120.0
giantsteps,audio,401815.mp3,C#:minor,120.0
giantsteps,audio,402978.mp3,E:minor,120.0
giantsteps,audio,410637.mp3,G#:major,120.0
giantsteps,audio,431138.mp3,A:minor,120.0
giantsteps,audio,431805.mp3,F:minor,120.0
giantsteps,audio,432966.mp3,D:minor,120.0
giantsteps,audio,435271.mp3,B:minor,120.0
giantsteps,audio,441969.mp3,E:minor,120.0
giantsteps,audio,443912.mp3,G#:minor,120.0
giantsteps,audio,446875.mp3,D:minor,120.0
giantsteps,audio,450431.mp3,E:minor,120.0
giantsteps,audio,451169.mp3,C#:minor,120.0
giantsteps,audio,457131.mp3,E:minor,120.0
giantsteps,audio,460731.mp3,E:major,120.0
giantsteps,audio,466208.mp3,G#:minor,120.0
giantsteps,audio,470136.mp3,B:minor,120.0
giantsteps,audio,471711.mp3,G:minor,120.0
giantsteps,audio,482720.mp3,D:major,120.0
giantsteps,audio,4772886.mp3,C:minor,120.0
giantsteps,audio,486395.mp3,F#:major,120.0
giantsteps,audio,487971.mp3,C:major,120.0
giantsteps,audio,489351.mp3,A#:major,120.0
giantsteps,audio,491529.mp3,A:minor,120.0
giantsteps,audio,495613.mp3,D:minor,120.0
giantsteps,audio,497517.mp3,E:minor,120.0
giantsteps,audio,501476.mp3,D:major,120.0
giantsteps,audio,501562.mp3,C:minor,120.0
giantsteps,audio,503690.mp3,D:minor,120.0
giantsteps,audio,508703.mp3,E:major,120.0
giantsteps,audio,512956.mp3,D:minor,120.0
giantsteps,audio,521598.mp3,C#:minor,120.0
giantsteps,audio,522851.mp3,G#:minor,120.0
giantsteps,audio,528454.mp3,E:major,120.0
giantsteps,audio,533963.mp3,G:minor,120.0
giantsteps,audio,536497.mp3,D:minor,120.0
giantsteps,audio,542315.mp3,B:minor,120.0
giantsteps,audio,542876.mp3,E:minor,120.0
giantsteps,audio,558054.mp3,F#:minor,120.0
giantsteps,audio,561086.mp3,B:major,120.0
giantsteps,audio,563669.mp3,E:minor,120.0
giantsteps,audio,574098.mp3,A#:minor,120.0
giantsteps,audio,574896.mp3,A:minor,120.0
giantsteps,audio,575766.mp3,A:minor,120.0
giantsteps,audio,580557.mp3,D#:major,120.0
giantsteps,audio,585098.mp3,B:minor,120.0
giantsteps,audio,6236612.mp3,G:minor,120.0
giantsteps,audio,588879.mp3,F:minor,120.0
giantsteps,audio,598701.mp3,B:minor,120.0
giantsteps,audio,601207.mp3,D:major,120.0
giantsteps,audio,603802.mp3,A:minor,120.0
giantsteps,audio,605407.mp3,D:major,120.0
giantsteps,audio,608572.mp3,D:major,120.0
giantsteps,audio,608703.mp3,D:minor,120.0
giantsteps,audio,611801.mp3,A:minor,120.0
giantsteps,audio,611928.mp3,E:minor,120.0
giantsteps,audio,611933.mp3,F:minor,120.0
giantsteps,audio,616128.mp3,D:minor,120.0
giantsteps,audio,616415.mp3,D#:major,120.0
giantsteps,audio,617609.mp3,C#:major,120.0
giantsteps,audio,628368.mp3,D:major,120.0
giantsteps,audio,628617.mp3,C#:minor,120.0
giantsteps,audio,633283.mp3,E:minor,120.0
giantsteps,audio,635716.mp3,A:minor,120.0
giantsteps,audio,638337.mp3,D:minor,120.0
giantsteps,audio,638879.mp3,A:minor,120.0
giantsteps,audio,643172.mp3,G:minor,120.0
giantsteps,audio,645331.mp3,G:minor,120.0
giantsteps,audio,645959.mp3,D:minor,120.0
giantsteps,audio,650084.mp3,B:major,120.0
giantsteps,audio,650341.mp3,D:minor,120.0
giantsteps,audio,650371.mp3,A:minor,120.0
giantsteps,audio,650505.mp3,A:minor,120.0
giantsteps,audio,656533.mp3,E:minor,120.0
giantsteps,audio,657010.mp3,D:minor,120.0
giantsteps,audio,673637.mp3,A#:minor,120.0
giantsteps,audio,675299.mp3,E:major,120.0
giantsteps,audio,680345.mp3,E:major,120.0
giantsteps,audio,681908.mp3,C#:minor,120.0
giantsteps,audio,682387.mp3,C#:minor,120.0
giantsteps,audio,685481.mp3,A:minor,120.0
giantsteps,audio,686686.mp3,D:minor,120.0
giantsteps,audio,687183.mp3,C:minor,120.0
giantsteps,audio,687544.mp3,A:minor,120.0
giantsteps,audio,691545.mp3,C#:minor,120.0
giantsteps,audio,691843.mp3,C#:major,120.0
giantsteps,audio,6273674.mp3,C#:major,120.0
giantsteps,audio,694157.mp3,D:minor,120.0
giantsteps,audio,694280.mp3,D:minor,120.0
giantsteps,audio,695589.mp3,D:minor,120.0
giantsteps,audio,696806.mp3,C#:minor,120.0
giantsteps,audio,697443.mp3,D#:major,120.0
giantsteps,audio,700076.mp3,A#:minor,120.0
giantsteps,audio,707425.mp3,B:minor,120.0
giantsteps,audio,707851.mp3,F#:minor,120.0
giantsteps,audio,710106.mp3,B:minor,120.0
giantsteps,audio,712848.mp3,G:minor,120.0
giantsteps,audio,712853.mp3,A:minor,120.0
giantsteps,audio,715745.mp3,C:minor,120.0
giantsteps,audio,718543.mp3,F#:major,120.0
giantsteps,audio,722892.mp3,C:minor,120.0
giantsteps,audio,723438.mp3,D#:minor,120.0
giantsteps,audio,734930.mp3,A:minor,120.0
giantsteps,audio,737878.mp3,D:major,120.0
giantsteps,audio,738230.mp3,E:minor,120.0
giantsteps,audio,742215.mp3,C:major,120.0
giantsteps,audio,753241.mp3,D:minor,120.0
giantsteps,audio,754389.mp3,D:minor,120.0
giantsteps,audio,755905.mp3,B:minor,120.0
giantsteps,audio,760778.mp3,C#:major,120.0
giantsteps,audio,771181.mp3,E:minor,120.0
giantsteps,audio,780216.mp3,A#:minor,120.0
giantsteps,audio,780236.mp3,C:minor,120.0
giantsteps,audio,787388.mp3,F#:major,120.0
giantsteps,audio,793946.mp3,D#:major,120.0
giantsteps,audio,794309.mp3,D#:minor,120.0
giantsteps,audio,797707.mp3,B:minor,120.0
giantsteps,audio,798594.mp3,F:minor,120.0
giantsteps,audio,805746.mp3,G:minor,120.0
giantsteps,audio,808116.mp3,C:minor,120.0
giantsteps,audio,808982.mp3,G:major,120.0
giantsteps,audio,809450.mp3,E:minor,120.0
giantsteps,audio,818686.mp3,F#:minor,120.0
giantsteps,audio,821091.mp3,D:minor,120.0
giantsteps,audio,823951.mp3,G:major,120.0
giantsteps,audio,828061.mp3,F#:major,120.0
giantsteps,audio,830719.mp3,F#:minor,120.0
giantsteps,audio,836000.mp3,C#:major,120.0
giantsteps,audio,837795.mp3,G:minor,120.0
giantsteps,audio,841676.mp3,A#:major,120.0
giantsteps,audio,842552.mp3,C:minor,120.0
giantsteps,audio,852917.mp3,C:minor,120.0
giantsteps,audio,857189.mp3,D:major,120.0
giantsteps,audio,861422.mp3,C:minor,120.0
giantsteps,audio,864300.mp3,B:minor,120.0
giantsteps,audio,868240.mp3,B:minor,120.0
giantsteps,audio,870280.mp3,E:minor,120.0
giantsteps,audio,871246.mp3,A:minor,120.0
giantsteps,audio,889391.mp3,G:minor,120.0
giantsteps,audio,894614.mp3,G#:minor,120.0
giantsteps,audio,897094.mp3,D#:minor,120.0
giantsteps,audio,898664.mp3,B:minor,120.0
giantsteps,audio,905046.mp3,B:minor,120.0
giantsteps,audio,906851.mp3,D:minor,120.0
giantsteps,audio,908868.mp3,G#:major,120.0
giantsteps,audio,909102.mp3,A#:minor,120.0
giantsteps,audio,912213.mp3,E:major,120.0
giantsteps,audio,920509.mp3,G#:major,120.0
giantsteps,audio,1985174.mp3,D:major,120.0
giantsteps,audio,920615.mp3,E:minor,120.0
giantsteps,audio,923491.mp3,E:minor,120.0
giantsteps,audio,940966.mp3,C#:minor,120.0
giantsteps,audio,943181.mp3,G:minor,120.0
giantsteps,audio,944826.mp3,C#:major,120.0
giantsteps,audio,950746.mp3,G:major,120.0
giantsteps,audio,953140.mp3,E:minor,120.0
giantsteps,audio,958447.mp3,A#:minor,120.0
giantsteps,audio,967034.mp3,C:minor,120.0
giantsteps,audio,3115087.mp3,F#:minor,120.0
giantsteps,audio,987207.mp3,C#:major,120.0
giantsteps,audio,997069.mp3,C:minor,120.0
giantsteps,audio,1017875.mp3,F#:minor,120.0
giantsteps,audio,1019315.mp3,D:minor,120.0
giantsteps,audio,1019403.mp3,G#:minor,120.0
giantsteps,audio,1034722.mp3,C:minor,120.0
giantsteps,audio,1038248.mp3,D#:minor,120.0
giantsteps,audio,1051007.mp3,G#:minor,120.0
giantsteps,audio,1056047.mp3,F#:minor,120.0
giantsteps,audio,1059355.mp3,C#:major,120.0
giantsteps,audio,1060028.mp3,B:minor,120.0
giantsteps,audio,1067950.mp3,D:major,120.0
giantsteps,audio,1072514.mp3,D:major,120.0
giantsteps,audio,1077935.mp3,G#:major,120.0
giantsteps,audio,1093726.mp3,C#:minor,120.0
giantsteps,audio,1096228.mp3,D:minor,120.0
giantsteps,audio,1115626.mp3,G:major,120.0
giantsteps,audio,1147737.mp3,C:minor,120.0
giantsteps,audio,1152124.mp3,G:minor,120.0
giantsteps,audio,5799274.mp3,F:minor,120.0
giantsteps,audio,1156133.mp3,E:minor,120.0
giantsteps,audio,1163534.mp3,D:minor,120.0
giantsteps,audio,1164250.mp3,B:minor,120.0
giantsteps,audio,1164433.mp3,C#:minor,120.0
giantsteps,audio,1167965.mp3,F:minor,120.0
giantsteps,audio,1177887.mp3,A#:minor,120.0
giantsteps,audio,1185017.mp3,G:major,120.0
giantsteps,audio,1187324.mp3,D:minor,120.0
giantsteps,audio,1190182.mp3,B:minor,120.0
giantsteps,audio,1190980.mp3,E:minor,120.0
giantsteps,audio,1194397.mp3,C#:major,120.0
giantsteps,audio,1194512.mp3,A:minor,120.0
giantsteps,audio,1196189.mp3,G:minor,120.0
giantsteps,audio,1205438.mp3,E:minor,120.0
giantsteps,audio,1237554.mp3,E:minor,120.0
giantsteps,audio,1240548.mp3,F#:minor,120.0
giantsteps,audio,1243107.mp3,B:minor,120.0
giantsteps,audio,1258142.mp3,C#:minor,120.0
giantsteps,audio,1261783.mp3,C#:major,120.0
giantsteps,audio,1262462.mp3,C:minor,120.0
giantsteps,audio,1267809.mp3,A:major,120.0
giantsteps,audio,1270235.mp3,G#:minor,120.0
giantsteps,audio,1274431.mp3,E:minor,120.0
giantsteps,audio,1276072.mp3,F#:major,120.0
giantsteps,audio,1277819.mp3,D:minor,120.0
giantsteps,audio,1287738.mp3,C:minor,120.0
giantsteps,audio,1288533.mp3,G:minor,120.0
giantsteps,audio,1290620.mp3,C#:minor,120.0
giantsteps,audio,1290631.mp3,E:minor,120.0
giantsteps,audio,1290726.mp3,B:major,120.0
giantsteps,audio,1298557.mp3,C#:major,120.0
giantsteps,audio,1298600.mp3,D#:minor,120.0
giantsteps,audio,1312884.mp3,A:minor,120.0
giantsteps,audio,1320423.mp3,E:minor,120.0
giantsteps,audio,1320553.mp3,D#:minor,120.0
giantsteps,audio,1334754.mp3,A#:minor,120.0
giantsteps,audio,1336593.mp3,A#:minor,120.0
giantsteps,audio,1338256.mp3,D:major,120.0
giantsteps,audio,1340461.mp3,C:minor,120.0
giantsteps,audio,1342043.mp3,E:major,120.0
giantsteps,audio,1350891.mp3,A#:minor,120.0
giantsteps,audio,1352419.mp3,D#:minor,120.0
giantsteps,audio,1362355.mp3,C#:minor,120.0
giantsteps,audio,297271.mp3,G#:major,120.0
giantsteps,audio,1367983.mp3,E:minor,120.0
giantsteps,audio,1372384.mp3,D:minor,120.0
giantsteps,audio,1388341.mp3,A:minor,120.0
giantsteps,audio,297534.mp3,F:minor,120.0
giantsteps,audio,1389968.mp3,D#:minor,120.0
giantsteps,audio,1393305.mp3,D:minor,120.0
giantsteps,audio,1397802.mp3,C:major,120.0
giantsteps,audio,1398692.mp3,C:minor,120.0
giantsteps,audio,1402876.mp3,A#:minor,120.0
giantsteps,audio,1410568.mp3,C#:minor,120.0
giantsteps,audio,1410588.mp3,B:major,120.0
giantsteps,audio,1413180.mp3,C#:minor,120.0
giantsteps,audio,1416128.mp3,F#:major,120.0
giantsteps,audio,1426839.mp3,A#:minor,120.0
giantsteps,audio,1428584.mp3,F:major,120.0
giantsteps,audio,1429124.mp3,D:minor,120.0
giantsteps,audio,1439221.mp3,C#:minor,120.0
giantsteps,audio,1441223.mp3,F#:minor,120.0
giantsteps,audio,1446413.mp3,D#:minor,120.0
giantsteps,audio,4251163.mp3,G:minor,120.0
giantsteps,audio,1453434.mp3,E:major,120.0
giantsteps,audio,1454669.mp3,A#:minor,120.0
giantsteps,audio,1456345.mp3,G#:major,120.0
giantsteps,audio,1460099.mp3,D#:minor,120.0
giantsteps,audio,1472760.mp3,E:minor,120.0
giantsteps,audio,1474885.mp3,D:major,120.0
giantsteps,audio,1478848.mp3,C:minor,120.0
giantsteps,audio,1492875.mp3,C:minor,120.0
giantsteps,audio,1493674.mp3,B:minor,120.0
giantsteps,audio,1497713.mp3,D:major,120.0
giantsteps,audio,1507482.mp3,G#:minor,120.0
giantsteps,audio,1544667.mp3,F:minor,120.0
giantsteps,audio,1545117.mp3,D:minor,120.0
giantsteps,audio,1556952.mp3,D#:minor,120.0
giantsteps,audio,1558123.mp3,A:major,120.0
giantsteps,audio,1569491.mp3,F:minor,120.0
giantsteps,audio,1579295.mp3,C:minor,120.0
giantsteps,audio,1581325.mp3,G#:major,120.0
giantsteps,audio,1587110.mp3,C:minor,120.0
giantsteps,audio,1595063.mp3,C:major,120.0
giantsteps,audio,1598083.mp3,C#:major,120.0
giantsteps,audio,1599632.mp3,C#:minor,120.0
giantsteps,audio,1607693.mp3,F:minor,120.0
giantsteps,audio,1609519.mp3,D#:minor,120.0
giantsteps,audio,1612997.mp3,E:minor,120.0
giantsteps,audio,1622037.mp3,A:major,120.0
giantsteps,audio,3928779.mp3,B:minor,120.0
giantsteps,audio,1627499.mp3,D#:minor,120.0
giantsteps,audio,1642729.mp3,C:minor,120.0
giantsteps,audio,1647165.mp3,D:major,120.0
giantsteps,audio,1648142.mp3,A#:minor,120.0
giantsteps,audio,1660225.mp3,G:minor,120.0
giantsteps,audio,1662838.mp3,B:minor,120.0
giantsteps,audio,1669212.mp3,D:minor,120.0
giantsteps,audio,1673356.mp3,D:major,120.0
giantsteps,audio,1681314.mp3,F:minor,120.0
giantsteps,audio,1691194.mp3,G#:major,120.0
giantsteps,audio,1693189.mp3,A:minor,120.0
giantsteps,audio,1694550.mp3,A#:minor,120.0
giantsteps,audio,1716212.mp3,B:minor,120.0
giantsteps,audio,1740984.mp3,C:minor,120.0
giantsteps,audio,1743700.mp3,F#:minor,120.0
giantsteps,audio,1746628.mp3,C#:major,120.0
giantsteps,audio,1758017.mp3,G:minor,120.0
giantsteps,audio,1758691.mp3,D:major,120.0
giantsteps,audio,1759353.mp3,F#:minor,120.0
giantsteps,audio,1781925.mp3,B:minor,120.0
giantsteps,audio,1783835.mp3,C#:major,120.0
giantsteps,audio,1789849.mp3,C:minor,120.0
giantsteps,audio,1795965.mp3,C:major,120.0
giantsteps,audio,1797450.mp3,F#:minor,120.0
giantsteps,audio,1810291.mp3,C:minor,120.0
giantsteps,audio,1848401.mp3,C:minor,120.0
giantsteps,audio,1857841.mp3,F#:major,120.0
giantsteps,audio,1860990.mp3,G#:minor,120.0
giantsteps,audio,5493430.mp3,A:minor,120.0
giantsteps,audio,1879911.mp3,G#:minor,120.0
giantsteps,audio,1881646.mp3,D:major,120.0
giantsteps,audio,1883395.mp3,C:major,120.0
giantsteps,audio,1893472.mp3,C#:minor,120.0
giantsteps,audio,1895483.mp3,D#:minor,120.0
giantsteps,audio,1896153.mp3,C:minor,120.0
giantsteps,audio,1905079.mp3,D#:minor,120.0
giantsteps,audio,1918063.mp3,G:major,120.0
giantsteps,audio,1918338.mp3,E:major,120.0
giantsteps,audio,1926319.mp3,C#:minor,120.0
giantsteps,audio,1926377.mp3,B:minor,120.0
giantsteps,audio,1934576.mp3,C#:minor,120.0
giantsteps,audio,1958231.mp3,C#:minor,120.0
giantsteps,audio,1958760.mp3,F#:major,120.0
giantsteps,audio,1971434.mp3,A#:major,120.0
giantsteps,audio,1974069.mp3,E:major,120.0
giantsteps,audio,1980637.mp3,D:minor,120.0
giantsteps,audio,1981132.mp3,D:major,120.0
giantsteps,audio,1622038.mp3,A:minor,120.0
giantsteps,audio,1989603.mp3,A#:minor,120.0
giantsteps,audio,2003951.mp3,E:minor,120.0
giantsteps,audio,2016942.mp3,A#:major,120.0
giantsteps,audio,2017315.mp3,D:major,120.0
giantsteps,audio,2019112.mp3,G#:major,120.0
giantsteps,audio,2022073.mp3,C#:minor,120.0
giantsteps,audio,2022519.mp3,F#:minor,120.0
giantsteps,audio,4262086.mp3,E:minor,120.0
giantsteps,audio,2046030.mp3,D:major,120.0
giantsteps,audio,2047805.mp3,B:major,120.0
giantsteps,audio,2068812.mp3,F:minor,120.0
giantsteps,audio,2076953.mp3,C#:major,120.0
giantsteps,audio,2090586.mp3,E:major,120.0
giantsteps,audio,1868905.mp3,C:major,120.0
giantsteps,audio,2422478.mp3,G#:major,120.0
giantsteps,audio,2423336.mp3,F:minor,120.0
giantsteps,audio,2425817.mp3,F#:minor,120.0
giantsteps,audio,2426699.mp3,C:minor,120.0
giantsteps,audio,2435069.mp3,C#:major,120.0
giantsteps,audio,2664585.mp3,G:major,120.0
giantsteps,audio,2678362.mp3,A#:major,120.0
giantsteps,audio,2702217.mp3,G#:major,120.0
giantsteps,audio,2706210.mp3,C#:major,120.0
giantsteps,audio,2706938.mp3,B:major,120.0
giantsteps,audio,2707024.mp3,D#:minor,120.0
giantsteps,audio,2721806.mp3,G#:major,120.0
giantsteps,audio,2741616.mp3,G:minor,120.0
giantsteps,audio,2754261.mp3,G:major,120.0
giantsteps,audio,2763714.mp3,A:minor,120.0
giantsteps,audio,2997186.mp3,B:minor,120.0
giantsteps,audio,3010576.mp3,F:minor,120.0
giantsteps,audio,3011454.mp3,C:minor,120.0
giantsteps,audio,3014691.mp3,B:major,120.0
giantsteps,audio,3014758.mp3,F#:major,120.0
giantsteps,audio,3018901.mp3,G:minor,120.0
giantsteps,audio,3020003.mp3,G#:minor,120.0
giantsteps,audio,3028271.mp3,C#:major,120.0
giantsteps,audio,3028806.mp3,G:minor,120.0
giantsteps,audio,3034770.mp3,C#:minor,120.0
giantsteps,audio,3044568.mp3,G:minor,120.0
giantsteps,audio,3052009.mp3,C#:major,120.0
giantsteps,audio,3062618.mp3,C:minor,120.0
giantsteps,audio,984534.mp3,F:minor,120.0
giantsteps,audio,3078576.mp3,D:minor,120.0
giantsteps,audio,3086101.mp3,G:minor,120.0
giantsteps,audio,3093686.mp3,C:major,120.0
giantsteps,audio,3095574.mp3,D:minor,120.0
giantsteps,audio,3098555.mp3,G:minor,120.0
giantsteps,audio,5243836.mp3,A#:minor,120.0
giantsteps,audio,3124420.mp3,C:minor,120.0
giantsteps,audio,3124687.mp3,C:minor,120.0
giantsteps,audio,3126447.mp3,D#:minor,120.0
giantsteps,audio,3137109.mp3,C#:minor,120.0
giantsteps,audio,3139360.mp3,C:minor,120.0
giantsteps,audio,3141667.mp3,C#:minor,120.0
giantsteps,audio,3154894.mp3,C#:minor,120.0
giantsteps,audio,3161699.mp3,D:minor,120.0
giantsteps,audio,3162448.mp3,C#:minor,120.0
giantsteps,audio,3166014.mp3,A:major,120.0
giantsteps,audio,3198358.mp3,G:minor,120.0
giantsteps,audio,5701122.mp3,G#:minor,120.0
giantsteps,audio,3205441.mp3,G:minor,120.0
giantsteps,audio,3207588.mp3,F#:major,120.0
giantsteps,audio,3213612.mp3,C:minor,120.0
giantsteps,audio,3218510.mp3,F:minor,120.0
giantsteps,audio,3221970.mp3,C#:major,120.0
giantsteps,audio,3230155.mp3,B:minor,120.0
giantsteps,audio,3235703.mp3,E:minor,120.0
giantsteps,audio,3240761.mp3,A#:major,120.0
giantsteps,audio,3250046.mp3,F#:major,120.0
giantsteps,audio,3251296.mp3,C#:minor,120.0
giantsteps,audio,3252056.mp3,F:minor,120.0
giantsteps,audio,3257500.mp3,E:minor,120.0
giantsteps,audio,3260611.mp3,G:minor,120.0
giantsteps,audio,3272193.mp3,G:major,120.0
giantsteps,audio,3286229.mp3,E:minor,120.0
giantsteps,audio,3286310.mp3,G#:minor,120.0
giantsteps,audio,3292669.mp3,A#:minor,120.0
giantsteps,audio,3296534.mp3,C:minor,120.0
giantsteps,audio,3299235.mp3,C:minor,120.0
giantsteps,audio,3303218.mp3,F#:major,120.0
giantsteps,audio,3311376.mp3,G:major,120.0
giantsteps,audio,3318291.mp3,G#:major,120.0
giantsteps,audio,3322505.mp3,C#:major,120.0
giantsteps,audio,3327760.mp3,C:minor,120.0
giantsteps,audio,3341440.mp3,E:minor,120.0
giantsteps,audio,3342211.mp3,D:minor,120.0
giantsteps,audio,3356780.mp3,E:minor,120.0
giantsteps,audio,3359168.mp3,G:minor,120.0
giantsteps,audio,3360682.mp3,F#:major,120.0
giantsteps,audio,3360996.mp3,G:minor,120.0
giantsteps,audio,3377570.mp3,F:minor,120.0
giantsteps,audio,3378284.mp3,G:minor,120.0
giantsteps,audio,3390945.mp3,D#:minor,120.0
giantsteps,audio,3391744.mp3,C:minor,120.0
giantsteps,audio,3400910.mp3,C:minor,120.0
giantsteps,audio,3408131.mp3,A#:minor,120.0
giantsteps,audio,3440288.mp3,F#:major,120.0
giantsteps,audio,3445831.mp3,D#:minor,120.0
giantsteps,audio,3467040.mp3,C#:minor,120.0
giantsteps,audio,3476908.mp3,B:minor,120.0
giantsteps,audio,3486594.mp3,D#:minor,120.0
giantsteps,audio,3489634.mp3,A#:minor,120.0
giantsteps,audio,3509627.mp3,G#:minor,120.0
giantsteps,audio,3516171.mp3,A#:minor,120.0
giantsteps,audio,3520807.mp3,D#:major,120.0
giantsteps,audio,3839060.mp3,G#:major,120.0
giantsteps,audio,3527620.mp3,G:minor,120.0
giantsteps,audio,3528734.mp3,B:minor,120.0
giantsteps,audio,297011.mp3,C:minor,120.0
giantsteps,audio,3540106.mp3,C:minor,120.0
giantsteps,audio,3547619.mp3,A#:minor,120.0
giantsteps,audio,3569019.mp3,E:major,120.0
giantsteps,audio,3574764.mp3,G#:minor,120.0
giantsteps,audio,3581368.mp3,F:minor,120.0
giantsteps,audio,3607700.mp3,E:minor,120.0
giantsteps,audio,3619815.mp3,E:minor,120.0
giantsteps,audio,3622084.mp3,F#:major,120.0
giantsteps,audio,3630680.mp3,C:minor,120.0
giantsteps,audio,3639596.mp3,C#:major,120.0
giantsteps,audio,3647184.mp3,D:minor,120.0
giantsteps,audio,3655850.mp3,G#:major,120.0
giantsteps,audio,3662506.mp3,D#:major,120.0
giantsteps,audio,3671250.mp3,B:major,120.0
giantsteps,audio,3676879.mp3,G#:major,120.0
giantsteps,audio,3687603.mp3,C#:major,120.0
giantsteps,audio,3694824.mp3,C#:major,120.0
giantsteps,audio,3705941.mp3,C:major,120.0
giantsteps,audio,3728272.mp3,C:minor,120.0
giantsteps,audio,3731508.mp3,C:minor,120.0
giantsteps,audio,3733853.mp3,B:major,120.0
giantsteps,audio,3743797.mp3,G#:minor,120.0
giantsteps,audio,3762907.mp3,G#:minor,120.0
giantsteps,audio,3766235.mp3,C:minor,120.0
giantsteps,audio,3771813.mp3,D#:minor,120.0
giantsteps,audio,3783446.mp3,C#:major,120.0
giantsteps,audio,3794333.mp3,D:minor,120.0
giantsteps,audio,3798377.mp3,F#:minor,120.0
giantsteps,audio,3801208.mp3,D#:minor,120.0
giantsteps,audio,3801681.mp3,C#:minor,120.0
giantsteps,audio,3817388.mp3,E:minor,120.0
giantsteps,audio,3830951.mp3,G:minor,120.0
giantsteps,audio,3831323.mp3,G#:major,120.0
giantsteps,audio,3831965.mp3,A#:major,120.0
giantsteps,audio,3833751.mp3,A#:minor,120.0
giantsteps,audio,3836467.mp3,G#:major,120.0
giantsteps,audio,3854133.mp3,B:minor,120.0
giantsteps,audio,3857465.mp3,D#:major,120.0
giantsteps,audio,3865255.mp3,D:minor,120.0
giantsteps,audio,3868708.mp3,F#:minor,120.0
giantsteps,audio,3870922.mp3,E:minor,120.0
giantsteps,audio,3889717.mp3,C:minor,120.0
giantsteps,audio,3897406.mp3,C:minor,120.0
giantsteps,audio,3905287.mp3,C:minor,120.0
giantsteps,audio,3906152.mp3,G#:major,120.0
giantsteps,audio,3912606.mp3,B:major,120.0
giantsteps,audio,3915618.mp3,C:minor,120.0
giantsteps,audio,3916942.mp3,C:minor,120.0
giantsteps,audio,3923369.mp3,D#:major,120.0
giantsteps,audio,3935158.mp3,F#:major,120.0
giantsteps,audio,3937649.mp3,A#:minor,120.0
giantsteps,audio,3949006.mp3,E:minor,120.0
giantsteps,audio,3966027.mp3,F#:minor,120.0
giantsteps,audio,3987315.mp3,C:minor,120.0
giantsteps,audio,486117.mp3,B:minor,120.0
giantsteps,audio,3994605.mp3,A#:minor,120.0
giantsteps,audio,3999467.mp3,G:major,120.0
giantsteps,audio,4020452.mp3,F:major,120.0
giantsteps,audio,4026906.mp3,E:major,120.0
giantsteps,audio,4032964.mp3,A:minor,120.0
giantsteps,audio,4051513.mp3,C#:minor,120.0
giantsteps,audio,4052411.mp3,D:minor,120.0
giantsteps,audio,4061369.mp3,D#:minor,120.0
giantsteps,audio,4071302.mp3,D:minor,120.0
giantsteps,audio,4081121.mp3,A#:major,120.0
giantsteps,audio,4085830.mp3,D:minor,120.0
giantsteps,audio,4089252.mp3,C#:minor,120.0
giantsteps,audio,4090254.mp3,D:minor,120.0
giantsteps,audio,4096403.mp3,E:major,120.0
giantsteps,audio,4104550.mp3,E:minor,120.0
giantsteps,audio,4106262.mp3,C#:minor,120.0
giantsteps,audio,4111004.mp3,B:minor,120.0
giantsteps,audio,4115098.mp3,E:minor,120.0
giantsteps,audio,4123856.mp3,F:minor,120.0
giantsteps,audio,4132072.mp3,G#:major,120.0
giantsteps,audio,4134179.mp3,A#:major,120.0
giantsteps,audio,4149415.mp3,E:major,120.0
giantsteps,audio,4151001.mp3,E:minor,120.0
giantsteps,audio,4151005.mp3,C:minor,120.0
giantsteps,audio,4164104.mp3,D#:major,120.0
giantsteps,audio,4164425.mp3,F#:minor,120.0
giantsteps,audio,4180893.mp3,F:minor,120.0
giantsteps,audio,4184078.mp3,D:minor,120.0
giantsteps,audio,4184925.mp3,G:minor,120.0
giantsteps,audio,4186569.mp3,D:minor,120.0
giantsteps,audio,4188354.mp3,C:minor,120.0
giantsteps,audio,4196452.mp3,C#:major,120.0
giantsteps,audio,4202945.mp3,F:minor,120.0
giantsteps,audio,4210528.mp3,G#:minor,120.0
giantsteps,audio,4214391.mp3,B:minor,120.0
giantsteps,audio,4217672.mp3,F#:minor,120.0
giantsteps,audio,4220180.mp3,C#:major,120.0
giantsteps,audio,4222236.mp3,C:major,120.0
giantsteps,audio,4240512.mp3,D#:minor,120.0
giantsteps,audio,588558.mp3,C:major,120.0
giantsteps,audio,4266877.mp3,C:major,120.0
giantsteps,audio,4272275.mp3,A:minor,120.0
giantsteps,audio,4272853.mp3,C:minor,120.0
giantsteps,audio,4292533.mp3,F:minor,120.0
giantsteps,audio,4297505.mp3,F:minor,120.0
giantsteps,audio,4299047.mp3,D#:major,120.0
giantsteps,audio,4306620.mp3,E:minor,120.0
giantsteps,audio,4310604.mp3,A:minor,120.0
giantsteps,audio,4315887.mp3,D#:major,120.0
giantsteps,audio,4318934.mp3,B:major,120.0
giantsteps,audio,4323121.mp3,A#:minor,120.0
giantsteps,audio,1152770.mp3,D:major,120.0
giantsteps,audio,4334231.mp3,B:minor,120.0
giantsteps,audio,4340615.mp3,G:minor,120.0
giantsteps,audio,4340765.mp3,A#:major,120.0
giantsteps,audio,4341902.mp3,F#:minor,120.0
giantsteps,audio,4351142.mp3,F:major,120.0
giantsteps,audio,4353404.mp3,G#:minor,120.0
giantsteps,audio,4354199.mp3,A:minor,120.0
giantsteps,audio,4364291.mp3,E:minor,120.0
giantsteps,audio,4376323.mp3,F:major,120.0
giantsteps,audio,4377128.mp3,G#:minor,120.0
giantsteps,audio,4381031.mp3,C#:major,120.0
giantsteps,audio,4398291.mp3,A:minor,120.0
giantsteps,audio,4408526.mp3,C:minor,120.0
giantsteps,audio,4411864.mp3,D#:major,120.0
giantsteps,audio,4418313.mp3,G#:major,120.0
giantsteps,audio,4421420.mp3,C:major,120.0
giantsteps,audio,4445523.mp3,B:major,120.0
giantsteps,audio,4451522.mp3,C:minor,120.0
giantsteps,audio,4464873.mp3,C#:major,120.0
giantsteps,audio,4482723.mp3,G:minor,120.0
giantsteps,audio,4503715.mp3,C:minor,120.0
giantsteps,audio,4509681.mp3,F#:major,120.0
giantsteps,audio,4510650.mp3,B:major,120.0
giantsteps,audio,4514491.mp3,A#:major,120.0
giantsteps,audio,4523424.mp3,E:major,120.0
giantsteps,audio,4528744.mp3,D:major,120.0
giantsteps,audio,4562821.mp3,G:minor,120.0
giantsteps,audio,4568358.mp3,A#:major,120.0
giantsteps,audio,4586995.mp3,C#:minor,120.0
giantsteps,audio,4587945.mp3,E:minor,120.0
giantsteps,audio,4590651.mp3,B:minor,120.0
giantsteps,audio,4590691.mp3,C#:major,120.0
giantsteps,audio,4596386.mp3,C#:minor,120.0
giantsteps,audio,4623197.mp3,D#:major,120.0
giantsteps,audio,4631771.mp3,A#:major,120.0
giantsteps,audio,4660390.mp3,F#:major,120.0
giantsteps,audio,4660409.mp3,F:minor,120.0
giantsteps,audio,4661608.mp3,F#:minor,120.0
giantsteps,audio,4664095.mp3,F#:major,120.0
giantsteps,audio,4665597.mp3,F:minor,120.0
giantsteps,audio,4690755.mp3,E:major,120.0
giantsteps,audio,4692133.mp3,G:minor,120.0
giantsteps,audio,4704294.mp3,F:minor,120.0
giantsteps,audio,4710435.mp3,A#:major,120.0
giantsteps,audio,4726263.mp3,E:minor,120.0
giantsteps,audio,4733800.mp3,A#:minor,120.0
giantsteps,audio,4741346.mp3,C#:minor,120.0
giantsteps,audio,4753283.mp3,C:minor,120.0
giantsteps,audio,4756702.mp3,E:minor,120.0
giantsteps,audio,4759312.mp3,C:minor,120.0
giantsteps,audio,4765342.mp3,A:major,120.0
giantsteps,audio,4767556.mp3,A:minor,120.0
giantsteps,audio,1446566.mp3,F:major,120.0
giantsteps,audio,4784473.mp3,F#:major,120.0
giantsteps,audio,4792796.mp3,B:major,120.0
giantsteps,audio,4793409.mp3,F#:minor,120.0
giantsteps,audio,2028917.mp3,C:major,120.0
giantsteps,audio,4811158.mp3,F#:major,120.0
giantsteps,audio,4820720.mp3,C:minor,120.0
giantsteps,audio,4824309.mp3,D:major,120.0
giantsteps,audio,4829270.mp3,D#:major,120.0
giantsteps,audio,4834661.mp3,F:minor,120.0
giantsteps,audio,4838183.mp3,F:minor,120.0
giantsteps,audio,4848629.mp3,E:minor,120.0
giantsteps,audio,4855328.mp3,C#:minor,120.0
giantsteps,audio,4857871.mp3,A#:major,120.0
giantsteps,audio,4870279.mp3,D#:major,120.0
giantsteps,audio,4873800.mp3,G#:minor,120.0
giantsteps,audio,4878879.mp3,E:major,120.0
giantsteps,audio,4885376.mp3,C#:minor,120.0
giantsteps,audio,4887778.mp3,G:minor,120.0
giantsteps,audio,4906181.mp3,D:minor,120.0
giantsteps,audio,4906900.mp3,F:minor,120.0
giantsteps,audio,4907717.mp3,B:minor,120.0
giantsteps,audio,4912830.mp3,C:minor,120.0
giantsteps,audio,4917696.mp3,G#:minor,120.0
giantsteps,audio,4918269.mp3,D:minor,120.0
giantsteps,audio,4920129.mp3,F:minor,120.0
giantsteps,audio,4938098.mp3,D:minor,120.0
giantsteps,audio,4943671.mp3,G#:major,120.0
giantsteps,audio,4944953.mp3,G:minor,120.0
giantsteps,audio,4946269.mp3,F:minor,120.0
giantsteps,audio,4970565.mp3,B:major,120.0
giantsteps,audio,4974176.mp3,F:minor,120.0
giantsteps,audio,4975002.mp3,C#:major,120.0
giantsteps,audio,4992440.mp3,C#:major,120.0
giantsteps,audio,4998705.mp3,B:minor,120.0
giantsteps,audio,5031142.mp3,C#:major,120.0
giantsteps,audio,5038642.mp3,G#:minor,120.0
giantsteps,audio,5048299.mp3,E:minor,120.0
giantsteps,audio,5054157.mp3,F:major,120.0
giantsteps,audio,2104436.mp3,F:minor,120.0
giantsteps,audio,5057312.mp3,G#:minor,120.0
giantsteps,audio,5059176.mp3,C#:minor,120.0
giantsteps,audio,5066211.mp3,C:minor,120.0
giantsteps,audio,5076754.mp3,D:major,120.0
giantsteps,audio,5092947.mp3,E:minor,120.0
giantsteps,audio,5095717.mp3,F#:major,120.0
giantsteps,audio,5106232.mp3,F#:minor,120.0
giantsteps,audio,5120148.mp3,C:minor,120.0
giantsteps,audio,5123514.mp3,A#:major,120.0
giantsteps,audio,5124850.mp3,G#:minor,120.0
giantsteps,audio,5133242.mp3,G:minor,120.0
giantsteps,audio,5135485.mp3,F#:minor,120.0
giantsteps,audio,5138597.mp3,G:minor,120.0
giantsteps,audio,5144599.mp3,D#:major,120.0
giantsteps,audio,5148970.mp3,G#:major,120.0
giantsteps,audio,5152629.mp3,E:minor,120.0
giantsteps,audio,5159908.mp3,C#:minor,120.0
giantsteps,audio,5175064.mp3,E:minor,120.0
giantsteps,audio,5186642.mp3,C:minor,120.0
giantsteps,audio,5187049.mp3,A#:minor,120.0
giantsteps,audio,5192554.mp3,E:minor,120.0
giantsteps,audio,5202489.mp3,A#:minor,120.0
giantsteps,audio,5207006.mp3,A:minor,120.0
giantsteps,audio,5207351.mp3,C:minor,120.0
giantsteps,audio,5211090.mp3,F:minor,120.0
giantsteps,audio,5215470.mp3,G#:minor,120.0
giantsteps,audio,5234073.mp3,C#:minor,120.0
giantsteps,audio,5234318.mp3,G:major,120.0
giantsteps,audio,3027735.mp3,F:minor,120.0
giantsteps,audio,5245862.mp3,D#:minor,120.0
giantsteps,audio,3074103.mp3,G:major,120.0
giantsteps,audio,5263861.mp3,C#:minor,120.0
giantsteps,audio,5272649.mp3,B:minor,120.0
giantsteps,audio,5279212.mp3,F#:minor,120.0
giantsteps,audio,5287841.mp3,A#:major,120.0
giantsteps,audio,5296203.mp3,G#:minor,120.0
giantsteps,audio,5299867.mp3,B:major,120.0
giantsteps,audio,5299981.mp3,G:minor,120.0
giantsteps,audio,5309154.mp3,F:minor,120.0
giantsteps,audio,5315287.mp3,G#:minor,120.0
giantsteps,audio,5315479.mp3,E:minor,120.0
giantsteps,audio,5317673.mp3,D#:minor,120.0
giantsteps,audio,5323380.mp3,C#:minor,120.0
giantsteps,audio,5324261.mp3,G:minor,120.0
giantsteps,audio,5329278.mp3,F:minor,120.0
giantsteps,audio,5338500.mp3,C#:minor,120.0
giantsteps,audio,5344837.mp3,C#:minor,120.0
giantsteps,audio,5351971.mp3,G:minor,120.0
giantsteps,audio,5359592.mp3,A#:major,120.0
giantsteps,audio,5371595.mp3,F#:minor,120.0
giantsteps,audio,5380961.mp3,C:minor,120.0
giantsteps,audio,5382659.mp3,A#:major,120.0
giantsteps,audio,5393783.mp3,G#:minor,120.0
giantsteps,audio,5404020.mp3,F:minor,120.0
giantsteps,audio,5404068.mp3,A#:minor,120.0
giantsteps,audio,5411517.mp3,E:minor,120.0
giantsteps,audio,5415462.mp3,F:minor,120.0
giantsteps,audio,5420676.mp3,G#:major,120.0
giantsteps,audio,5427061.mp3,A:major,120.0
giantsteps,audio,5428785.mp3,C:minor,120.0
giantsteps,audio,5429242.mp3,C#:minor,120.0
giantsteps,audio,5441797.mp3,F:minor,120.0
giantsteps,audio,5443161.mp3,F:minor,120.0
giantsteps,audio,5456553.mp3,C:minor,120.0
giantsteps,audio,5458695.mp3,F:minor,120.0
giantsteps,audio,5466977.mp3,E:minor,120.0
giantsteps,audio,5467340.mp3,D#:minor,120.0
giantsteps,audio,5476058.mp3,A:minor,120.0
giantsteps,audio,5478004.mp3,A#:minor,120.0
giantsteps,audio,5492171.mp3,F:minor,120.0
giantsteps,audio,5492384.mp3,B:major,120.0
giantsteps,audio,3526880.mp3,C#:minor,120.0
giantsteps,audio,5495991.mp3,D#:minor,120.0
giantsteps,audio,5497219.mp3,D#:minor,120.0
giantsteps,audio,5498352.mp3,F:minor,120.0
giantsteps,audio,5545112.mp3,C:major,120.0
giantsteps,audio,5547982.mp3,D#:major,120.0
giantsteps,audio,5558264.mp3,C:minor,120.0
giantsteps,audio,5561072.mp3,G#:minor,120.0
giantsteps,audio,5568606.mp3,C#:minor,120.0
giantsteps,audio,5575647.mp3,A#:minor,120.0
giantsteps,audio,5580807.mp3,G:minor,120.0
giantsteps,audio,5594806.mp3,A#:major,120.0
giantsteps,audio,5612854.mp3,C#:minor,120.0
giantsteps,audio,5618695.mp3,C:minor,120.0
giantsteps,audio,5630800.mp3,B:minor,120.0
giantsteps,audio,5635782.mp3,G#:minor,120.0
giantsteps,audio,5653983.mp3,D:major,120.0
giantsteps,audio,5654170.mp3,F#:minor,120.0
giantsteps,audio,5672671.mp3,B:minor,120.0
giantsteps,audio,5687266.mp3,C#:minor,120.0
giantsteps,audio,5693285.mp3,F#:minor,120.0
giantsteps,audio,5697805.mp3,A:major,120.0
giantsteps,audio,3537560.mp3,A:minor,120.0
giantsteps,audio,5723120.mp3,F:minor,120.0
giantsteps,audio,5728532.mp3,E:minor,120.0
giantsteps,audio,5733037.mp3,G:major,120.0
giantsteps,audio,5734184.mp3,C:minor,120.0
giantsteps,audio,5736132.mp3,E:major,120.0
giantsteps,audio,5739130.mp3,B:minor,120.0
giantsteps,audio,5742777.mp3,G#:minor,120.0
giantsteps,audio,5769455.mp3,G#:major,120.0
giantsteps,audio,5795173.mp3,F:minor,120.0
giantsteps,audio,3831852.mp3,F:major,120.0
giantsteps,audio,5813087.mp3,E:minor,120.0
giantsteps,audio,5816285.mp3,A:minor,120.0
giantsteps,audio,5821511.mp3,B:minor,120.0
giantsteps,audio,5831818.mp3,G#:major,120.0
giantsteps,audio,5855468.mp3,D#:minor,120.0
giantsteps,audio,5866030.mp3,C#:minor,120.0
giantsteps,audio,5874377.mp3,F#:minor,120.0
giantsteps,audio,5876668.mp3,C:minor,120.0
giantsteps,audio,5888808.mp3,A#:minor,120.0
giantsteps,audio,5903646.mp3,F:minor,120.0
giantsteps,audio,5922285.mp3,G:minor,120.0
giantsteps,audio,5922688.mp3,C#:minor,120.0
giantsteps,audio,5925664.mp3,C:minor,120.0
giantsteps,audio,5943904.mp3,G:major,120.0
giantsteps,audio,5948622.mp3,D:minor,120.0
giantsteps,audio,5955816.mp3,F:minor,120.0
giantsteps,audio,5956160.mp3,C:minor,120.0
giantsteps,audio,5971086.mp3,D#:major,120.0
giantsteps,audio,5980991.mp3,D:minor,120.0
giantsteps,audio,5986917.mp3,G#:major,120.0
giantsteps,audio,5996975.mp3,G:minor,120.0
giantsteps,audio,5998113.mp3,F#:minor,120.0
giantsteps,audio,6002570.mp3,F#:minor,120.0
giantsteps,audio,6003575.mp3,G:major,120.0
giantsteps,audio,6011574.mp3,G:minor,120.0
giantsteps,audio,6027087.mp3,F#:major,120.0
giantsteps,audio,6039665.mp3,F#:major,120.0
giantsteps,audio,6042784.mp3,F:minor,120.0
giantsteps,audio,6051774.mp3,F:minor,120.0
giantsteps,audio,6062914.mp3,C#:minor,120.0
giantsteps,audio,6065388.mp3,G#:major,120.0
giantsteps,audio,6067929.mp3,D:minor,120.0
giantsteps,audio,6086331.mp3,G#:major,120.0
giantsteps,audio,6087559.mp3,A#:major,120.0
giantsteps,audio,4809086.mp3,A#:minor,120.0
giantsteps,audio,6105589.mp3,C#:major,120.0
giantsteps,audio,6107169.mp3,B:minor,120.0
giantsteps,audio,6131590.mp3,F:minor,120.0
giantsteps,audio,6144221.mp3,E:minor,120.0
giantsteps,audio,6147973.mp3,A#:major,120.0
giantsteps,audio,6150686.mp3,D:major,120.0
giantsteps,audio,6160319.mp3,A#:major,120.0
giantsteps,audio,6165907.mp3,F#:major,120.0
giantsteps,audio,6168356.mp3,B:minor,120.0
giantsteps,audio,6180590.mp3,F:minor,120.0
giantsteps,audio,6199830.mp3,D#:minor,120.0
giantsteps,audio,6217931.mp3,A#:major,120.0
giantsteps,audio,6218674.mp3,F:minor,120.0
giantsteps,audio,6220367.mp3,D:major,120.0
giantsteps,audio,6220395.mp3,A#:major,120.0
giantsteps,audio,6221323.mp3,F#:major,120.0
giantsteps,audio,6222804.mp3,E:minor,120.0
giantsteps,audio,6227783.mp3,G#:major,120.0
giantsteps,audio,6230588.mp3,C:minor,120.0
giantsteps,audio,6243629.mp3,F:minor,120.0
giantsteps,audio,6247002.mp3,G#:minor,120.0
giantsteps,audio,5254640.mp3,G:minor,120.0
giantsteps,audio,6275472.mp3,F:minor,120.0
giantsteps,audio,6275984.mp3,E:minor,120.0
giantsteps,audio,6276803.mp3,F:minor,120.0
giantsteps,audio,6280855.mp3,C:minor,120.0
giantsteps,audio,6282277.mp3,F:minor,120.0
giantsteps,audio,6282761.mp3,F#:major,120.0
giantsteps,audio,6283681.mp3,C#:minor,120.0
giantsteps,audio,6289424.mp3,B:minor,120.0
giantsteps,audio,6290068.mp3,F#:minor,120.0
giantsteps,audio,6294281.mp3,F#:minor,120.0
giantsteps,audio,6308736.mp3,C#:minor,120.0
giantsteps,audio,6313807.mp3,G:minor,120.0
giantsteps,audio,6316062.mp3,E:minor,120.0
giantsteps,audio,6317186.mp3,C#:minor,120.0
giantsteps,audio,6320574.mp3,F:minor,120.0
giantsteps,audio,6325840.mp3,F:minor,120.0
giantsteps,audio,6327674.mp3,A#:minor,120.0
giantsteps,audio,6332784.mp3,A#:minor,120.0
giantsteps,audio,6346876.mp3,G#:minor,120.0
giantsteps,audio,6359688.mp3,C:minor,120.0
giantsteps,audio,6379893.mp3,A#:major,120.0
giantsteps,audio,6380702.mp3,D:minor,120.0
giantsteps,audio,6394765.mp3,A:minor,120.0
giantsteps,audio,6420899.mp3,E:minor,120.0
giantsteps,audio,6435742.mp3,D:minor,120.0
giantsteps,audio,6439567.mp3,D:minor,120.0
giantsteps,audio,6461913.mp3,C#:minor,120.0
giantsteps,audio,6462754.mp3,G:minor,120.0
giantsteps,audio,6469727.mp3,E:minor,120.0
giantsteps,audio,6476511.mp3,F:minor,120.0
giantsteps,audio,6487073.mp3,B:minor,120.0
giantsteps,audio,6529435.mp3,C:minor,120.0
giantsteps,audio,6535130.mp3,E:minor,120.0
giantsteps,audio,6537998.mp3,E:major,120.0
giantsteps,audio,6563157.mp3,B:minor,120.0
giantsteps,audio,6574410.mp3,A:major,120.0
